{
  "settings": {
    "analysis": {
      "filter": {
        "custom_stems" : {
          "type" : "stemmer_override",
          "rules" : [
            "Coastal => wildlife",
            "Conservancy => conservation",
            "conservancy => conservation",
            "stemmer => stemmer"
          ]
        },
        "english_stop": {
          "type":       "stop",
          "stopwords":  "_english_"
        },
        "english_stemmer": {
          "type":       "stemmer",
          "language":   "english"
        },
        "english_possessive_stemmer": {
          "type":       "stemmer",
          "language":   "possessive_english"
        }
      },
      "analyzer": {
        "english": {
          "tokenizer":  "standard",
          "filter": [
            "custom_stems",
            "english_possessive_stemmer",
            "lowercase",
            "english_stop",
            "english_stemmer"
          ],
          "char_filter": [
            "html_strip"
          ]
        }
      }
    }
  }
}
